text,label,pred
"Well, obviously one would want to buy the best, and I started scouring for Grade C, which is not available in retail anymore according to this website: [...] This wasn't mentioned in the top reviews, and I don't know if someone did later... So I buckled and settled for this....will update the stars once I taste it...",neutral,neutral
"Since I do not live in England, I will bring Englang to me. I love this tea and drink it everyday. I highly recommend this tea to anyone who enjoys a strong black tea. Once you try it, you will throw everything else away in your cupboard. Enjoy : )",positive,negative
"The nose evokes the earthiness of white truffles, just barely. The white truffle presence in Bartolini is weak with mineral (almost chemical) notes, not the earthy, warm and almost intoxicating fragrance you expect from white truffles. There is no such thing as white truffles (oil or otherwise) on a budget. The real thing is expensive, a deserving price for the experience you expect.",negative,negative
"Purchased three pounds. Arrived well packaged. Am trying to find a replacement roaster of this blend. This is good, but not great...we'll keep on looking.",neutral,neutral
"While taste is OK it's simply using too many artificial colors (blue1, red 40, yellow 5, yellow 6 - approved by FDA doesn't mean it's healthy) and other chemicals (BHT etc) to be used by children. If you're going to eat it yourself - take your chances. But since there are many good and healthy alternatives - why bother?",negative,neutral
"We bought a case of this coconut milk based on the lack of BPA in the packaging, but we were not happy with the product. It smells strange, is quite watery, and gave both my wife and I an upset stomach on two occasions that we tried it. (Our cans came from Sri Lanka, but weren't dented.)",negative,neutral
These treats have been a big hit with dogs and humans in our house. The dogs love the cookies and I (Mom) loves that there is no clean up as with hard biscuit type treats.,positive,positive
"I didn't realize this food was ground up into a fine paste (rather than chunks), which my dog doesn't seem to like as much. It also smells pretty bad. That being said, it's high quality food which I have no concerns with.",neutral,negative
"Even when the machine appears to work, you end up with tiny cups of coffee and have to take 2 or maybe 3 attempts at getting coffee out of it. At a minimum though, the water is always hot enough and it makes a fine cup of hot water for tea.",negative,positive
"I really enjoy trying new things, so I found the idea of this soda pleasing. It is essentially carbonated fruit juice, so it is naturally high in calories and thus comes in a small container that looks a lot like an energy drink. I think this might confuse some, leading to negative reviews based on the wrong preconceptions of what it is meant to be. However, I think a very valid complaint comes from some that feel this ""natural"" drink tastes a bit artificial. This is likely due to the use of fruit juices from concentrate, which always effects the flavor. However, unlike the watermelon flavor, I found this variety vibrant and delicious. The fruit flavor really comes through, including the often tricky tangerine. It is an expensive treat, but would make a fun addition to breakfast in lieu of a similarly high calorie cup of orange juice.",positive,neutral
Terrific salt. Very pretty too. If all you have ever tasted is salt from the grocery store then you need to try this. You won't buy generic salt again.,positive,negative
"I ordered this because I have had the Donut Shop coffee before and really enjoyed it and wanted to taste some of the other flavors they offered. After receiving my order of the ""sampler"" pack, I was very disappointed! Over half my order was decaf coffee and I only got 2 cups of the flavored coffee; which was the main reason I ordered it. I love this coffee but am disappointed in the so called sampler pack or ""the lack of variety"" pack!",negative,negative
"I have no idea if this tastes like the real thing (I'm going to guess no), but it is very tasty. It's easy to make and is filling. Most instant noodles are either too bland or too spicey for me, but this has a perfectly seasoned broth. The noodles are firm without being too tough like some of the Annie Chun soup bowls. I really liked the huge pieces of green onion in it as well. Good product and my new favorite flavor. Huge downside? 1940mg of sodium per bowl, which is more sodium then you need in day never mind one meal. Ouch. The bowl has 2 servings and rounds out at 440 calories. Not something you want to eat very often. I really want to buy them again until I read the label. It's too bad, but it's not something I'll eat again.",neutral,neutral
"I have mixed feelings about this product. We have ordered it three times now through subscribe and save. With the first order, we were 100% satisfied. The coconut milk had a beautiful taste and texture. With the second box, the quality of the product was just gross. Coconut ""milk"" is absolutely the wrong word. At least 80% of the can was solidified. When I shook the can, I could hear no movement of liquid whatsoever. I already had a few cans of coconut cream in the cupboard and didn't need a dozen more! I continued to use it since the flavor was fine and I didn't want to deal with the hassle of returning it. With our third order (what can I say, I'm an optimist!), there were still some solids but much less than our second order. It does not seem to matter whether the box states it originated in Thailand. All three of our orders said they were from Thailand, yet they were of drastically different quality.",neutral,negative
"These are identical to ""Jay's hot chips"" (are they made by the same company?). They have a slightly sweet taste, with a nice bit of heat. Definately not overwhelming heat, on a heat scale of 1-5, I would give these about a 2. Regarding the texture, these are not kettle cooked chips, so they do not have much crunch, they are comparable to regular Lays chips. For about $1 a bag, they are a great deal.",positive,positive
THESE TREATS ARE MORE FOR A LARGER DOG AS THEY ARE VERY HARD AND THICK. THE GIRLS (my maltese) LIKE THEM EXCEPT WAY TOO BIG AND HARD TO CHEW FOR THEM..,neutral,positive
"Oatmeal cookies can be found in pretty much any store, in a variety of brands. So, in order to get my attention it has to be something pretty special. This, is just average, but at a premium price. For starters make sure to pay attention to the box. There are only 6 cookies in a rather large box. Now, flip the box around and look at the ingredients. When I hear oatmeal and almond cookie I expect something at least mildly healthy. To put it frankly the nutrition value of these cookies is lacking. The taste is ok. Nothing really special about it. It didn't seem overly flavorful, but I can't say I disliked them either. The best thing I can say is, it's a good indication of quality if I would get them again. Sadly, I don't see this being my first or second choice when I am looking to buy some cookies. Not even in my top ten if I was being 100% honest.",neutral,positive
I bought two of those to freeze food for my baby and they are great. The food pops out pretty easily. I wish they were a little cheaper though.,positive,neutral
"Bought some of these after getting frustrated about not being able to grow the plant at my house (for those curious, I live in Northern California). I've always been intrigued after seeing numerous videos on the internet. I have to admit, I was a bit skeptical. When I got the package, I popped a whole tablet in my mouth and let is swish around my entire tongue until it dissolved. As for the flavor, if any of you have had Haw Flakes from any Asian market, that's what it tastes like. For those who don't know, don't worry, it's nothing disgusting. Kinda bland, to be honest. After is dissolved, the first thing I tried was a lime. Verdict: Sweet. Not overly sweet, but still sweet. Kind of like a lemonade just a tad of sugar missing. Next up, apple cider vinegar. Verict: Sweet. Doesn't taste exactly like apple cider like some people say, but I see what they're saying. Last test is cheese. It tasted different, but not exactly a big change. As for how long it lasted, I would say after 30-45 minutes, it started to fade. After an hour, it was gone. Bottom line, it was fun to try it out and I will definitely be trying out more things in the future. As for hosting a flavor-tripping party? Maybe a good business venture.",positive,negative
"MY DOGS LOVED IT FOR THE TASTE, I THINK. AND IT DID SEEM TO BE SOMETHING THAT THEY ENJOYED CHEWING ON. MY ONLY PROBLEM WAS THE TITLE SAYS EVERLASTING TREAT FOR DOGS. WHICH I TOOK TO MEAN LAST A VERY, LONG TIME, BUT IT ONLY LASTED ABOUT 1 HOUR. BUT IT WAS STILL A GREAT TREAT FOR MY DOGS. WOULD DEFINATELY RECOMMEND THIS PRODUCT.",neutral,neutral
"We got the 6 pack of brown rice and it smell very strange, almost like rancid nuts. I did TONS of research to find out this was normal or if the cereal really was rancid. I opened several cans and they all smell the same. Other people had the same experience, and apparently the smell is normal. My 7 month old daughter seems to like it and her poos have gotten softer, constipation had been an issue before :( Three stars because it smells and tastes very strong.",neutral,negative
"I am a bit surprised to be writing such a high recommendation for microwave popcorn. I did not have too much of an expectation. The popcorn is very flavorful and not overly greasy, buttery or salty. The kernels pop a very bright fluffy white. I also noticed that the design and material of the bag is quite different and this probably played a part in preventing the burning that I had experienced in so many other brands of microwave popcorn. I also did not get a large number of unpopped kernels. There were some partially popped kernels - but those are my favorite b/c they are so crunchy.",positive,neutral
"Customer beware of VitaPlus, Canyon Creek, & waggin Train products, because of many reports in U.S., Canada, & Australia, that dogs are getting sick from these products made in China. This is especially so in smaller breeds. Do your research on these products and then make informed decision on whether you really want to fed your pet these foods. I threw out all these products, and now I buy only made in the USA. You have to really look at packaging, as Canyon Creek says No. Carolina on back right side and then on left back side it says made in China.",negative,positive
"Maybe they just had the roaster a little too hot that day, but our beans were slightly burnt. That being said, I can see (taste) the blend's potential. I'm no connoisseur, but I have my preferences. This blend was ok...not good, not great, just okay.",neutral,positive
"Unfortunately, this is the only asafoetida (hing) that is readily available in the US. It is preground and mixed with edible adulterants to make it easier to handle. Unfortunately, due to this processing, the quality is not high. While it will certainly work for your recipe, it is nowhere as good as the chunks of pure sap that are harder to find in the US. Search out the good stuff if you know a reputable spice merchant. If you're in NYC, I've found better quality hing at Dual Specialty Store in the East Village. It's still not as good as the super stinky chunks of Afghani asafoetida that I picked up in Varanasi, but it will do.",neutral,neutral
"My rating of 1 Star does not reflect my opinion of Peppadew peppers, it is intended to cause Amazom (and Divina) to edit their ads for the 70 oz. package to identify this 70 oz. package of Peppadews as either mild or hot. This is important, if not critical information to the customer when deciding whether or not to purchase this item.",negative,negative
"I've bought these at the local supermarket and enjoyed them although they are so salty that a few leave my tongue and roof of my mouth burning. Keeps you from eating too many! Occasionally I get really stale items from Amazon.com and this was one. Unedible. Beware of the quality of food items on this website that are on special as they can be very close to due dates or in this case, not expired but stale and unedible just the same.",negative,negative
"They seemed like good raw hide treats and my dogs thought they were pretty good but I don't really like the chlorine like smell. It makes me a bit queazy. I'll probably see if any friends want them. Also, I think it was a bit too much raw hide for my greyhounds. It didn't agree with their stomachs but I think that's an issue with rawhides in general not a particular problem with this product",negative,neutral
"My impression of the Switch beverage was good overall. I was curious to see how good it would be. After all, its not difficult to add some club soda to your own orange juice for an identical benefit at a lower price. The taste is fairly good. It is heavy on the ""tangerine"" flavor. Its a bit syrupy, with a high carbonation typical of many European drinks I've had. The juices that comprise this beverage, in order of quantity, are: Apple Grape Tangerine Orange Acerola Cherry Needless to say, I think it would be difficult to mimic the exact flavor at home, due to the mix of the 5 juices they have. Overall, you probably will be pleased with the drink. Certainly, the canned beverage is more convenient than mixing your own, which is impossible if you are on the go. I will probably be buying more of this product, however, I did not find the flavor to be so compelling that I would recommend it heartily to a friend.",positive,neutral
"This is absolutely the best-tasting and most balanced protein bar on the market! Yummy, creamy White Chocolate, gluten-free, sometimes only $1 per bar. Try it!",positive,positive
I ordered this jerky because it was the best price per pound and I had never had Brown Sugar Jerky. It was surprisingly good. The jerky was not too dry and didn't have an overly sweet taste. I would recommend this as an option on road trips or as a snack that increases your daily protein intake. I have even added this to Amazon's program that automatically sends it to you each month. I definitely got my money's worth.,positive,neutral
"I'm addicted to Yogi Teas and have vowed to try them all. This Indian Spice tea is delicious. I've found that many of the Yogi teas are not as strong as I want them to be, so the tea bag stays in until I've drank all the tea. Not so with this tea, this tea has a VERY strong Cinnamon taste, which I find enjoyable. In truth, I may have left the bag in too long today, as the cinnamon flavor is burning a little. The directions on the box say to add milk (or milk substitute) and sweetener to the tea. They mean it. I tried to drink it plain, but couldn't, it just didn't taste right. However, I did add a popular flavored coffee creamer, and that worked beautifully. This is a whole new drink now, doesn't feel like tea, it feels like a treat. Enjoy.",positive,negative
"At first I thought this coffee would be strong because it's French Roast. However, it's extremely mild. It has a nutty aroma when the packet is first opened. The first sip has a mild nutty flavor, which goes away with each additional sip. I like drinking my coffee black, but can only do so with really good coffee that's not too strong. Most coffees, I need to add non-fat milk to. So, I first tried this coffee black. Although it's very mild, and I didn't need milk to buffer the bitterness, I found it lacking in body. With the next cup I added hot milk and it tasted much better. It really needed the extra omph of the milk, even though it was non-fat. I didn't notice any heartburn afterwards, which is good. But, I wasn't excited to drink it again.",neutral,positive
"Dolce Gusto's Caffee Lungo is their version of plain Ol' Coffee. It is pretty weak flavor, so I didn't really like it--No where near bold enough, lacks flavor. My dad, loved it. So when I need instant coffee, I will be reaching for the espresso pods instead and just pulling 6 ounces (Americano-ish). So while Dolce Gusto will likely replace most of the useage of my espresso machine, I doubt it will make much of a dent in my drip coffee pot's usage, as Caffe Lungo just doesn't measure up.",neutral,neutral
"This product is way better than some of the pricier brands, rich, deep dark color. Perfect for the espresso machine you got for Christmas. Makes beautiful lattes, and they don't cost $4.00!",positive,positive
"Hint, pour on a bit of seafood sauce with horseradish in it and microwave a few seconds to warm up. I just tried a can of these for breakfast this morning. There were about 9.5 ounces of actual sardine in there and the rest was sauce. Still not bad considering that's the equivalent of just over two cans of sardines for somewhere under three dollars if you buy them 24 at a time. The fish weren't the freshest tasting I've had, but they weren't that bad either. At least they're the medium size sardine fish and not the herring you find in the really cheap sardine cans. Here's way to beat the recession and get your protein and calcium.",neutral,positive
"Happy with this purchase, it's a good deal. It's the most fragrant coriander ever! Coriander is a super spice, tri-dosha (and a health supplement as well, research it, it's a ground cilantro seed). We use it in lots of dishes. Thank you!",positive,neutral
"I was a little disapointed with this product. I am allergic to dairy and wheat. When I looked at the ingreadents it did say say wheat free, but now where did it say that there may be some dairy. When I got the package it said it may contain dairy.",negative,negative
"I initially bought this at the grocery store on a lark because it sounded good. Imagine my surprise when it actually tasted as good as it sounds! I was even more thrilled to find it at Amazon at a great savings. Very flavorful and full of antioxidants, it's now my goto drink.",positive,neutral
I love liquor-filled chocolates. I received these as a gift and found the gel-like liquor not to be very strong. It was almost as if the liquor had been cut with sweet syrup and all the alcohol cooked out. A young child wouldn't even get a buzz from these. The chocolate itself was OK -- better than Hershey's and Nestle but not as good as Godiva or Lindt.,negative,positive
"I have a special needs pet and searched for the right food. Since Amazon has been a five star resource I chose to have Pot Pie shipped. Many of the cans are dented. So I have to toss them or return. This is a big hassle but would not ever feed a dented can to my beloved boy. Best to purchase at the pet store, evidently.",negative,negative
"My kids like this cocoa, but I find flavor less delicious than the more expensive Green Mountain Coffee Hot Cocoa, 24-Count K-Cups for Keurig Brewers (Pack of 2) .",neutral,positive
"Prior to ordering I misunderstood what truffle oil is... I warmly encourage potential buyers first to google ""truffle oil""--you'll discover that there's no such thing. The ""truffle essence"" put in this and other truffle oils is a synthetic ingredient, whipped up in a lab, that mimics just one flavor of truffles. The aftertaste this (and any truffle oil) leaves is chemical. In order to make it work in a dish, you'll have cover it with garlic and other seasonings: basically, hide the flavor. There are some oils available through Amazon in which actual truffles are infused, but the problem is that oil doesn't easily absorb real truffle essence, so the presence of authentic truffle flavor is very weak and nearly undetectable. If you like this artificial flavor, then the price is right ($). But if you want real truffle flavor, get the real thing ($$$).",negative,positive
To be fair only one of my twins got gas from this but it was horrible. Up all night screaming from gas pains. Garbanzo beans are not an ideal food for young babies.,negative,negative
"My dog is crazy for the Dogswell chicken strips but these she's not excited about. These are crunchy like a pressed cracker, not a meat strip, and not as chewy.",neutral,positive
"After black licorice Turkish Delight is my favorite candy. Unfortunately, this batch I bought arrived stale, very tough. The flavor was good otherwise, so if you can get some that is fresher they would be good. Too bad there is no way to tell that before you order them. So, I won't be buying this product again.",neutral,neutral
"When I read the reviews from other customers, I was excited about ordering and trying this mix. This morning we made waffles with both Stonewall Kitchen mix and Bisquick. The waffles from Stonewall were ok- and so were the waffles from Bisquick. The waffles were served to several people for tasting and everyone felt the same. The agreement was that Stonewall Kitchen product was not worth the significant extra cost. Furthermore, it is not available in our local super market whereas Bisquick is stocked. This will be a one time purchase for us.",neutral,negative
"I eat meat and vegetarian foods , and prepare a wide variety of both....but just let me start out by saying , this stuff is flat out creepy!!! the texture is very slimy and not like jerky at all , and has like thick stringy veins in it....nothing like real meat jerky at all...very rubbery and hard to stomach...iam a big fan of stonewalls jerquee and will stick with that!!! i just dont get trying to be all disgusting with the drippy sinewy veins that they are trying to win you over with??? even real meat jerky has a more palatable consistency.",negative,neutral
"I ordered this pasta because I thought my children would love the animal shapes. Since I am the only GlutenFree in our home, I try to find FUN things for the entire family instead of making 2 separate meals. When I served this at dinner the other night, my husband's expression said it all! He followed his surprised look with ""Now This is Pasta!"" We could not believe how good this pasta was. We are now hooked! I can not wait to try some more of the OrgraN products.",positive,negative
"I didnt like these, ended up throwing them away because I thought I was getting more of a chocolate fix out of them than a healthy snack. The berries were dry and crispy - I was expecting maybe a little chewy like a small raisin or something.",negative,positive
"I have never liked French Roast Coffee because the taste was too strong for me. When I made this coffee, I enjoyed my first cup of french roast in a long time. I sat down with my bagel and my coffee and had an enjoyable morning. My stomach didn't get upset and I didn't need an anacid. Yippee. The cost is high though but what I save on anacids makes it more affordable. For those of us with a touchy stomache, this is a great product.",positive,negative
The dark chocolates were great and the packaging was great for Christmas The tin was something you dont see in America anymore. Perfect to reuse for candy or other things at christmas.,neutral,positive
"I picked up a couple of these while I was visiting my brother in LA. When I took my first bite, I thought, ""Hey, these kind of taste like a ritz cracker! Cool!"" The second and third cracker though, I noticed a really starchy, floury taste coming through. I looked at the ingredients. Corn starch was the first ingredient. I tend not to like gluten free products made mostly from corn starch. They are light, sure, but kind of flavorless and powdery if you chew for any length of time. Brown rice flour or millet gives such a great depth of flavor, and it's an actual whole grain, not just a grain after all the protein and nutrients are taken out. Even white rice flour would be better. Corn starch, however is cheaper so I think that's why it gets used a lot. If you liked white flour, starchy foods before you went gluten free you might like these. If you prefer whole grains or even actual flour (not just the starch) I would try something else. I like Christie's multigrain crackers or brown rice thins.",neutral,negative
"I have loved this tea for years. Now I find that the blend has changed: less organic ingredients, substitutions. The taste is weaker and the color has changed from clear yellow to reddish. And the box has gone from this interesting, colorful carton with lovely sayings to a cheap, thin, unattractive box that screams ""Made in India as cheaply as possible."" I'm looking for another Detox tea. Why mess with a great product?",negative,negative
"I remember the Space Craze of the late 60s early 70s, and Mom buying Space Food Sticks. Originally they were long round tuby looking things. The box rarely made it home before being completely consumed. I like the Astronaut ice creams too. My only wish is that it had the Astronaut pizza. They used to sell the pizza at the Air Force Museum in Ohio where I worked. Anyway, the box of goodies is a bit small but enjoyable.",positive,negative
"I've tried this with multiple foods, at different times, and with anywhere between one and three tablets, all held on different areas of the tongue. While I could swear there were minor changes at low quantities, this didn't change no matter how many were tried. I'm sure that the Miracle Berries are authentic, but my friend and I didn't experience anything as incredible as people say, or even anything noteworthy. I would go for the actual fruit next time.",negative,negative
"Even on the small cup setting of the elite, these are a little weak for me. Make sure you shake the cups before putting them in your machine or they will be way too weak. I also run a cup of hot water thru the maker before using these so there is no coffe taste to them.",neutral,neutral
Thick hearty noodles that don't get soggy too fast are pleasant to chew. The soup is slightly more thick than the regular soup but not at an absurd level. One dissapointment is that I can't find any bits of corn in here despite it making an appearance on the box. Also no bits of chicken.,positive,negative
"These things are just too darn cheesy. If you like a lot of flavor, you'll love these. Otherwise, you will overdose on their cheddary goodness.",neutral,positive
"10 years ago my daughter brought home Creme' Brulee' for the first time. It was perfect, beans to be ground. Since then I have searched for ANYTHING similar. When I realized I couldn't find it, she had forgotten what one she purchased. This one has a strong flavor, but it tastes fake with a strong after taste. Unfortunately it is one of the better ones. If anyone reads this and knows what ones (Carmel and Vanilla), taste great, please post here.",negative,positive
"I made a mistake purchasing this anchor bar original wing sauce online this was slightly over $10 a bottle, I was shopping at a super Kmart when I came across the same anchor bar original wing sauce for only $4.49. This was my own fault I should've neve purchased a small bottle of wing sauce no matter what brand for that price $10.",negative,positive
"The probiotics helps my baby's gassiness. However, my 8 month old likes her food thick. No matter how much rice cereal I added, the food practically digests itself (very quickly at that too) before my baby even has a couple spoons of it. Don't understand why it has to contain amylase enzyme. I have let it stand and literally watch it thins itself out, without my baby ever touching the food. I typically added a couple ounces of homemade organic vege with an ounce of breastmilk plus the Earth Best oat and rice together with Happy Bellies, hoping to keep it thick a little longer, but to no avail. I am writing this review because I just threw out another bowl of food because my baby refuses to eat it after a couple spoons since it literally just became soup despite I made it *thick*.",neutral,neutral
"Anyone who's reading this should know just how good this product is. I am just lucky, after running to every Starbucks in the area to grab as many can's as were available when I found out they were closed out, they managed to bring this product back. I had just used up my last stashed can.",positive,neutral
"I had no reason to buy a gluten-free bar, but the reviews won me over. These are incredible! They taste great -- chocolatey with hints of coconut -- and they actually stave off my hunger for more than twenty minutes, which no snack bar has ever done. Even shortly after eating something like a clif bar I'm ready to gnaw someone's arm off. I'll eat one of these before I go for a long run; it doesn't weigh me down, but I have something in me so I don't feel nauseous afterward. I bought these on sale, but I think I'm going to take the plunge and buy them at the non-sale price. That in itself is an amazing review coming from me.",positive,neutral
"I was excited to find this product and found that it has an excellent texture that is light, chewy and crisp. However, the product has a distinct aftertaste that neither my wife nor I found to be pleasant. I have found that keeping the crust very, very thin and cooking the crust until it is very browned reduces the aftertaste but doesn't eliminate it.",neutral,positive
"In order to taste test this coffee, I used the sample to make a pot. I used freshly filtered water and a Melitta drip cone with a Melitta filter. I invited two other coffee lovers to join me in trying the brewed coffee. Each of us agreed that this dark roast coffee was mild, did have the ""bitter"" taste that one associates with dark roast coffee, but was weak in flavor. Whether or not that is a result of removing the acid, I can only leave to the chemists to decide. For one who needs to avoid acid, I believe this is a good choice. But, if you really love the flavor of good coffee, then you may want to consider other options.",neutral,neutral
"This is a nice tea, but it has a tendancy to brew too quickly and becomes a little bitter. It helps to add a little sweetner of some kind. IT SMELLS AWESOME! and the blueberry really has a nice flavor. Personally, I still prefer Lipton's ""superfruit green tea"" and would recomend that, but this still a good one to try... just pay attention when you brew it. -J",neutral,positive
This tea is the best you can drink. Naturally sweet. Refreshing after a meal. My whole family loves this tea. I bought two cases and put in in their Christmas stockings. It is too bad I can not find it in the stores.,positive,negative
I am very pleased with this product and the shipper. The same procuct was ordered before and the transaction has always been great.,positive,positive
"I love the ""Newman's Own"" line of products, but this chocolate is not my favorite. I think if you like milk chocolate you will probably like this. I like the 70% cacao version better but even it has a bit of a waxy taste and doesn't give you the mouth feel of truly great chocolate. While I like the 70% better, I set out the 54% next to the 70% Newman's Own and 2 people preferred the 54% - one of those 2 I consider a chocolate lover. While I won't buy more of this, don't get me wrong. If this is sitting out next to some Hershey's, I'm going with this. I personally like Green & Black's Organic Chocolate Bar, 70% Cocoa, 3.5-Ounce Bars (Pack of 10) . MUCH better in my opinion.",neutral,neutral
"The product description says 12 packs of 12 (144 count), but when you order, you only get a box of twelve. I did this weeks ago, talked to Amazon, but they still haven't updated the product description.",negative,negative
I love this product. It's spicy and it won't break your teeth off trying to chew it. The flavors are great! Chili lime us the best.,positive,positive
"As it is clearly written this coffee was supposed to be ground, but when I received it NOPE, it was not ground. I chose this coffee because it was supposed to be ground, I paid a higher rate for it. I will not purchase from this seller again. I love sumatra coffee, it is the best of the best as far as I am concerned. I am not happy because I didn't get what I paid for.",negative,negative
"I purchased two bottles of this stuff. The capsules of one bottle were dark and the capsules of the other bottle (which I started on yesterday) are a light brown color and I can clearly see the movement of the fluid inside the capsule. With the first bottle, I did not notice an increase in my supply and although I've only been using the second bottle for a day, I came home from work on my break and pumped 4.5 oz in ten minutes. I am usually only able to pump 3oz in ten minutes. I haven't changed anything in my diet to explain this sudden increase so I do believe it was the use of the new pills. I think the first bottle may have been older and so the capsules may have lost their potency. That is the only theory I have to explain the dark color and my inability to see the fluid in the capsule. I guess just be careful with this stuff. I haven't tried another brand but there are other brands of this stuff that are much less expensive. After I am through with this second bottle, I think I will try a least expensive brand I saw on Amazon.",neutral,negative
"I bought this candy on a whim because I love pretty much all things coconut. I figured it would taste like a m&m's version of an almond joy minus the almonds, but was much disappointed. It tasted like an overly sweet waxy coconut body lotion, with a hint of chocolate and candy shell. UTTERLY DISGUSTING. Too late, i noticed on the ingredients list there was no coconut at all to be found--it's all artificial flavoring. I had to throw the bag away.",negative,negative
"The Good: PG Tips tastes a little like an earl grey and can be bought in bags or loose leaf. It tastes noticeably different than standard brands like Lipton. It can be found in smaller packages at most supermarkets in America. All PG Tips products seem to be reasonably priced. The Bad: I personally do not like the flavor. I am used to drinking loose leaf teas and am open to trying any kind of tea or herbal infusion, but until a friend said that this tastes a bit like earl grey to them I didn't think I would ever finish the box. Strangely, when I think about it that way it actually doesn't taste as bad, but it's still not the greatest. Other notes: I've tried this on a recommendation from a friend. I bought the loose leaf variety because I normally prefer loose leaf teas. I can't imagine that the bagged variety would taste noticeably different to your average tea drinker, but I highly doubt that it has exactly the same flavor. If you're used to plain tea (black tea) brewed from bags (like lipton or bigalow) and you are looking for something different to try then go for it, but buy a small box just to try at your local supermarket. But if you appreciate higher quality whole leaf teas from reputable tea merchants, then this isn't your cup of tea ;)",neutral,neutral
"I realize the importance of good health and to clear your system of toxins, but twice i have tried to drink this tea and both times it has cause me kidney pain.",neutral,neutral
"First of all, I love dark chocolates tried a wide variety of them. For Dark chocolates to taste good - they typically need to made from the finest ingredients and manufacturing processes - else they are going to taste bitter and rough - leaving an unpleasant taste. I had high expectations about Newman's own Organics, but utterly disappointment. As you slip a square of the chocolate into your mouth - it feels smooth and good - .... When you are done with 3/4 of them, thats when you realize that there is something kind of an aftertaste/not so smooth taste about this. I do not get this feeling when I try a Lindt or dark chocolate truffles from Central Market/Whole foods. Overall - they are made of pure organic ingredients - but for whatever reasons - the cocao/manufacturing ... - the taste did not go over well with me.",neutral,neutral
"From the picture that is shown, I thought this was going to be a full sized cake (8 or 9 inch diameter), enough for several dogs to share, specially given the price. It is a tiny thing, barely big enough for one large Lab. It smelled good and our dog loved it, but it seems like something you could easily make yourself. So save your money, google a ""canine cake"" recipe, and you'll be much happier with the results.",negative,negative
Maybe these a better when they're very fresh. You could ruin dental work if not careful chewing these. They taste great.,neutral,positive
"I'm allergic to coffee so I can't speak from personal experience, however, guests have enjoyed the Van Houtte Chocolate Rasberry Truffle coffee so much I've just bought a case. The K-cups are a bit expensive but we use them for parties so I guess they are worth the price.",positive,negative
This is a great idea but just like baking a cake...you can't do it in a midrowave.,negative,positive
"I was so excited to find this coffee. I do have acid reflux and I thought this would be great for people like myself. I regularly take Omeprazole. I was not expecting this coffee to do magic but at least not produce more acid. I don't really know if it works for people with acid reflux because I could not drink more than half a cup as it doesn't taste good at all. It's not like it is too strong to drink - in fact it's very light. But the taste is weird. Having said that, taste is a personal choice so some people may love it. Don't decide based on a review. If you're considering this, I strongly suggest trying it for yourself to see if you may like it.",negative,neutral
"These bulbs make my room (painted blue) look absolutely vivid and beautiful, specially compared to my previous 27K CFL lightbulbs. I have ALZO 55K lightbulbs, love it so decided to change all my 27K CFL lightbulbs to 55K in my first floor. ALZO bulbs are way too big to fit most of my light fixtures. These ones are perfect size. I like to comment is the Amazon's service. Amazon sent me the package, the first shipment was wrong items, 27K bulbs. I returned and asked for replacement. Amazon shipped me the right one but with two broken light bulbs. I was not happy but not mad since this is the only issue I ever had with Amazon in my last few years. I bought all from Amazon unless it does not carry. Amazon shipped me the replacement with no charge. The person even opened the package to make sure no broken light bulbs, then wrapped an extra protection layer before putting into a already very good packaging box. I will buy more when I replace my another light fixture next month. Updated. I have changed the rating to 3 from 5. One of the six bulbs just burned out after only 2 months usage.",neutral,positive
"First off, I didn't purchase this product through Amazon, but at a local grocery store, so my review only reflects the product itself, not Amazon in any way. I bought this last week never having tried coconut water before, but I heard good things. The taste of it was almost like the smell of lawn clippings that had been damp and out in the sun for a long time. Tasted off and had a faint mold smell to it. I didn't know if it was supposed to taste like that or not as I never tried it before, but paying as much as I did I felt obligated to finish it off. I've been ill for about a week after drinking it. I don't know if it was just a coincidence or the cause of it. I did email customer service at O.N.E. the day I drank it asking if it was supposed to taste like that or if I got a bad batch, and they still haven't replied to me.",negative,neutral
"I was concerned when I received it because of the oil being solidified. I looked for a date on it to see if it was old product, but did not find any dates. I tried one package to see how it tasted. It tasted normal. It was a little more difficult to get out of the package since I had to do just the oil first to let it melt before putting the popcorn and seasoning parts of the package in. It would be nice if the packages were dated so that I know how long I have to use them for best results, and I'm really not sure of how old they are to begin with. So bottom line, I was happy with the taste, but convenience is somewhat diminished because the oil is solid. Added 11/28/11 - I do prefer to use less of the seasoned salt. It's pretty salty for me, so I just don't use it all and it tastes fine still.",neutral,negative
This coffee was not what I expected but enjoyed it greatly. I was looking for a stronger vanilla flavor but after trying it I enjoyed it a lot. It was light and smooth and left no aftertaste. I would recommend this to others.,positive,neutral
"I'm not sure what makes these ""new Zealand"" style, but my dog loved them. Each 10oz pack has 6 good sized treats. They're seemingly hard as rock but my dog, a fairly large 6 month old mutt, loved them. He just crunched away for about 10 minutes on each one. He definitely preferred them to Milkbone and his breath was better. I don't know that they would be suitable for a puppy without all his adult teeth, but mine was fine.",positive,neutral
"The taste was great, but the berries had melted. May order again in winter. If you order in cold weather you should enjoy flavor.",neutral,neutral
"My Husky has always been a little 'picky' when eating her breakfast and evening meals. Always needing encouragement, etc. Well, when I found the Pro-Treat Freeze Dried Beef Liver, I started putting 1-2 pieces crumbled and sprinkled over the dried food and wow, she loves it. Never hesitates anymore about eating her meals. Try it, they'll love it! Sandra",positive,neutral
"I LOVE Amy & Brian's Coconut Juice with Lime. It is cool and refreshing with just a hint of lime and is prefect any day of the week, any date of the year! I can't get enough of it and recommend it to all my friends. Of all three Amy & Brian coconut juice options, the one with lime suits me best.",positive,neutral
"I have loved all of the other McDougalls soups that I have tried, but I have a hard time recommending this one. It is pretty bland and the size of the cup is a bit smaller than the others. To me, it is not worth the price. I like the texture of the soup, however.",neutral,positive
"A lot of people don't like this drink and it kind of feels like I'm piling on and joining the herd, but I can't help it, I don't like it either. I feel bad for the Gold Kili people, but they've got other drinks and maybe all these reviews from people who don't like it will help them to decide to focus their attention on those.",negative,negative
"Bahlsen Butter Cookies,4.4-Ounce Boxes (Pack of 12) Very Disappointed with your service and deceptive listing of the product ingredients. i am allergic eggs and as per your listing, there is NO mention of eggs and when i received the product, on the box the cookies one of the ingredient is EGG. Also i emailed not send me any cookie with EGGS",negative,negative
"Didn't realize it was flavored and thought, when I had my first sip, that it tasted like chemicals. F-. Gave it away the next day at work.",negative,negative
"Normally, if it's got the word ""gourmet"" in it, my back stiffens up. It's a label often slapped onto an over priced product to attract the those that will eat/drink anything with the word on ""gourmet"" because they think it makes them look cool and hip. And it usually doesn't taste what I would consider ""gourmet."" So, I confess, I started reviewing this with a bias against it - high price and labeled ""gourmet"". With only a ""one pot"" sample to work with, I didn't have a chance to try differing brewing methods. I went with my typical coffee making method, drip brew. It smelled nice, looked pretty dark. The taste is very hard to explain. While it has a full flavor, that flavor is of...weak coffee. I thought I'd botched the brew, but when I compared the color and opacity against my normal stuff, the Puroast looked identical. It just tasted like the same near see through stuff one gets at a greasy spoon restaurant, gas station,IHOP, etc. While not vile, it wasn't for me. I prefer a darker, richer taste. That being said, the big deal about Puroast is that it's low acid. That I will say I definitely noticed. Not even a hint of tummy twisting, even though I intentionally drank it on an empty stomach. For those that have problems with acid, and don't mind (or maybe even like) the taste of weak coffee, it's worth a try at least. Given the price, I'd suggest you get as little as possible to try though.",neutral,neutral
"Great deal at about $11. I bought a bag and subscribed for scheduled delivery. Then a couple of weeks later, the price jumps to $17.92, well over the cost locally. Canceled any future deliveries. Nice dog food, crazy way to do business, Amazon.",negative,positive
"This is a delicious snack for vegetarians and non-vegetarians alike! we love them when we go hiking, camping, biking or just hangin' out and needing a good high protien snack!",positive,positive
Are you kidding me! $32.00!!! I buy this all day long at popular wholesale clubs for under $10.00. No more then $15.00 at reqular stores. Watch these prices guys.,negative,negative
"Of all the 100-calorie pack snack products I've tried (and there have been many!) these are my absolute favorites. The funny thing is that I don't even like Oreos, and am not that crazy about chocolate. However, these Thin Crisps are exactly that, thin and crisp. They are also just right to fend off sweet cravings or premature hunger.",positive,positive
"I had never used Shake 'N' Bake before trying this out. It's incredibly simple, and it bakes up nicely with a crunchy exterior. The flavor, though, isn't the best. I normally use flour and a mix of spices as a coating for chicken, and that tastes better (and is cheaper) than buying Shake 'N' Bake. I did find a great use for the Shake 'N' Bake, though--I coated wedged potatoes with it, then drizzled them with olive oil and baked them for about an hour at 375 degrees. Delicious! (I don't know why it tasted so much better on the potatoes than on the chicken, but it did.) The Shake 'N' Bake comes in a pack of 12, and I'll be using the remaining packs to make more oven baked potato wedges.",neutral,negative
I like these cause I dont have to measure it. and its a good price on here.,positive,neutral
"After sending these chocolates as Christmas presents in the last two years, I have decided to sample them myself. If one includes shipping, these chocolates costs around $1.50 per piece. That is not the highest chocolate price but still a premium price. As others have noted, the packaging is very well done. The box itself is wrapped in a stryofoam box. The ribbons add a nice touch to the presentation. The taste of these chocolates, however, is merely good. As a comparison, I think the Dove chocolates one can get at a grocery store is about 80% as good at about 1/5 the price. I think Godiva chocolates are about as good. But no one gets credit and thanks for sending Godiva (non-box kind) or Dove chocolates for Christmas and they certainly don't come in a nice box with a ribbon and a Belgian chocolate brand. I have tasted better chocolates. If you want the most premium tasting chocolates possible, then these will somewhat disappoint. Nonetheless, no one will dislike these chocolates especially when given as a Christmas present.",neutral,neutral
"After seeing this on Oprah I thought I would be good. I was not impressed as it has too much smoke flavoring in it, which takes away from the bacon flavor. Sorry that it came in a 3 jar pack; however, I definitely won't buy it again.",negative,positive
"I used to LOVE this tea and was excited to rediscover it. However, I only recently noticed that artificial ingredients are listed, and are 3rd in line ~ even before cinnamon! Definitely negates the benefits of drinking tea, in my opinion, and I will be sticking with 100% natural products in the future.",neutral,positive
"I'm in a gluten free diet. There are no many desserts alternative, but these wafers are delicious, the texture and taste are wonderful. They are better than many famous brand wafers. The only negative thing is that they tend to melt very fast so I always store them in the fridge.",positive,positive
"This coffee is a bit bitter, and the flavoring is sort of... muddled. ""Vanilla Nut Pumpkin Pie"" seems like an extravagant name for a sort-of spicy flavor, even if it is a nice flavor. There's also a fair amount of fine dust, so if you don't have a very fine filter, you'll find it floating in your coffee. I enjoyed the coffee well enough, but would buy something else next time.",neutral,neutral
My son really wanted these as he loves the other flavors. But They are DISGUSTING!!! Too much lime :( So bummed I bought a case and can't return the unopened 23 we didn't touch and do not plan on touching.,negative,negative
"Tully's Coffee ""Kona Blend (Extra Bold)"" K-Cups produce a very good cup of coffee in my Keurig B-40 B40 Elite Gourmet Single-Cup Home-Brewing System . Even on the ""Large Cup"" setting, this is a strong tasting brew that has much more flavor than the Coffee People, Donut Shop K-Cups for Keurig Brewers (Pack of 50) [Amazon Frustration-Free Packaging ] I generally drink in the morning. Like a few other of the ""Extra Bold"" varieties, I really enjoy the strong, rich flavor of these coffee but my wife thinks are all ""slightly burnt"" tasting. I like this better than Coffee People Kona Blend, Extra Bold K-Cups for Keurig Brewers (Pack of 50) [Amazon Frustration-Free Packaging ], but it is more expensive. Recommended! CFH",positive,positive
All baking soda is aluminum free. This is an unnecessary marketing ploy to get you to buy their product. Buy this because it is naturally mined and is cruelty free; but do not be duped into thinking that good ole $.59 Arm&Hammer has aluminum in it. BTW the chemical process used to make A&H is almost exactly what occurs in nature; just faster but not cheaper. It costs no more to mine sodium bicarbonate than it does to manufacture. So yes you are paying for a name.,negative,negative
"According to the manufacturer's website, this (and many of their other products) contains menadione sodium bisulfite complex. Menadione is a synthetic precursor for Vitamin K and has been reported to have toxic effects. The use of menadione over the natural alternatives (such as leafy greens and kelp) is only for cost-saving reasons, hence usually only found in cheaper and lower quality animal food. It's surprising that pet food at this high of a price actually contains this substance. Menadione is banned by the Food & Drug Administration in over-the-counter supplements due to its potential for organ toxicity. It's also banned in Europe for human consumption. A study in rats showed that exposure to menadione ""produced lesions in the kidney, heart, liver and lung."" Chiou et al. Toxicology 1997. Menadione's toxicity seems to be due to its ability to induce oxidative stress in cells. Do an online search for menadione and you'll find more info from a pet food watchdog trying to stop the inclusion of this substance. In light of recent episodes of toxic pet food and the questionable behaviors of manufacturers and our regulatory agencies, I would advise you to avoid feeding this to your cats.",negative,positive
"As we all know.....any canned soup, organic or not, should be avoided or at least limited. It does work for storm supplies due to its easy medium term storage and it being infrequently or never used. It will end up in a hunting camp for a few days of quick meals toward the end of its shelf life. Everything tastes better in fresh air and this stuff isn't bad. Again, its use is very limited. Don't like the BPA issue either. I did speak to Wolfgang Puck about PBA and their plans. Like most, they are treading water to see what the government (friends of the fda) does or does not do about it. What's a little more poison added to the current mix in processed foods. Ever notice that most of the Wolfgang Puck soup ingredients here on Amazon end at ""Contains 2% or less of the Following""........? As I indicated above, we did try this soup, and it tasted ok, nothing special. Try adding a little more sea salt. It is better than the MSG enhanced, preservative laden Campbell's brand crap, a brand we would not buy regardless of circumstance. One never knows who actually made this soup. We consider the organic versions the lesser of (insert remaining cliche), and have a case......in case.",neutral,neutral
"These catfoods come in smaller cans, which is great for one serving. Upon opening, they look delicious. However, not all cats like it. I tried one of each with my two, who love fish and seafood, and they sniffed and walked away. A neighbor's cat and two friend's cats loved it. So, as we all know with cats... they can be finicky! I would have to say give it a try and see if yours like it. They really look great, smaller cans store easily also.",neutral,positive
This is a very good cat food; high quality and eagerly gobbled up by 8 picky cats at our house. Be aware that it is $10 cheaper for the same sized bag at Walmart. Jest sayin'.....,positive,neutral
I expected much more from this bread! The taste is there but you can hardly taste it because the bread is soooooooooooooooooo dry. I tried warming it and it still didn't help. I was really looking forward to getting this bread and was very disappointed. I actually gave the rest (of my portion) to my dogs because I couldn't even swallow it! The remaining bread is just sitting in my fridge! Don't know what to do with it. Been trying to think how else I could use it. I VERY RARELY get a bad item on Amazon!,negative,neutral
"These are the oat chocolate chip coconut bars. These are a soft, cookie-like bar that is wheat and gluten free and have no dairy in them. They also have Omega 3 fatty acids, whole grains, and no trans fats. The bars taste pretty good, although I couldn't really taste the coconut in them. They had a hint of chocolate without being overpowering. The oats were a rolled oats but it was not over powering like some granola bars. The bar is about two inches by three inches and a prefect little snack. On the downside, the bars are really crumbly, almost like there is nothing really holding them together. Because of that, I had to keep them in a container to carry them in my munchie bag. The bars are real small and are 180 calories. And finally, for five bars, the regular price on Amazon is listed as $30 but they are now discounted to $24. Although they might taste good, I will not be buying these. That is way too much money for three or four bites of a very crumbly cookie. Shawn Kovacich Author of the Achieving Kicking Excellence book and DVD series.",neutral,positive
"This was my second purchase of this product. The first purchase was great, but this 2nd must have been a defective batch. Most packs did not cook correctly because they were not sealed tight and opened during cooking. That caused them to burn or not cook completely. I did not send them back because I kept thinking, maybe the next one will be better, but I was wrong. There are a few packs left, but I'm hesitant about microwaving them. I will probably purchase some again, but it will not be anytime soon.",negative,neutral
"Maybe it is because this chocolate only contains 54 % cocoa (vs. let's say the 70 % Lindt) but I found the taste disappointing. This might be premium chocolate, and it might be organic and Rainforest Alliance-certified. But the flavor still is surprisingly bland and cheap - a tad too sweet and creamy, with a bit of a waxy texture in too thick a bar. This is just a run-of-the-mill dark chocolate and nothing to entice the palate with.",neutral,positive
Got very sad when I couldn't find this in the stores anymore. Got very happy when I could find it on Amazon. Spike is the best. :),positive,negative
"I purchased this tea because I have trouble holding my urine due to an illness. I had read somewhere that cornsilk tea was good for people with trouble in that area and I can say that it is true. I can go to the bathroom with a peace of mind. This tea is also good for edema, high blood, heart problems, so on and so forth. Go and google cornsilk tea you will be amazed at what it can help you with.",positive,neutral
"PG Tips is soooo delicious! My neighbors also love it. It's a good, strong tea with no bitter after-taste. It's great with a little milk added - I could drink it all day.",positive,positive
"Emerald Dark Chocolate Almonds has just enough dark cocoa to soothe your cravings. Roasted into the almonds, the cocoa power is not the messy treat that other brands offer. These are clean eating, delicious nuts. But don't kid yourself. There's not enough cocoa in these almonds to provide much in the way of antioxidant power. Eat them simply because they're good, although they are a good source of Vitamin E and potassium. On the down side, these almonds are sweetened with sucrolose (Splenda), so if you're staying away from artificial sweeteners, avoid these almonds. Hint to Emerald: Try Stevia as the sweetener. Taste: Five Stars Artificial Sweetner: One Star Average: Three Stars",neutral,neutral
"One packet is only good for 6 cups, not a full pot as the directions state. If you put in any more water, the coffe is too weak.",neutral,neutral
"This product does not work on cats and skunks. Save your money. I gave it one star because you can't give it minus five stars Cats were sleeping under a bush in my yard on hot afternoons. I applied a lot of granular Critter Ridder. It had absolutely no effect on the cats. I finally removed the bush. I have a skunk who digs a hole under my fence every night to get into my yard. I applied a thick layer of the product on his ""digging area"". He dug right through it the first night. I applied more Critter Ridder. He dug through it again. He still visits nightly.",negative,negative
i really like the flavor of paprika in foods and this one is a really nice flavor. i got 3 bottles of it and used most of it already and ready to order more.,positive,neutral
"O.N.E. is my favorite brand of coconut water. Usually I prefer the plain/natural variety, but the guava flavor is definitely the best of all the flavored coconut waters that O.N.E. has to offer. If you don't like plain coconut water, this is a great product to try, especially if you like guava. My husband does not like plain coconut water, but he does like all of the flavored varieties.",positive,neutral
"Come on Amazon, give me a break. Powdered tofu? Get in some real food and I'll buy more from you. I went looking for table sugar. You've got 100 weird kinds of sugar (that you expect me to buy in bulk!) but NO just plain sugar. I'm not eatin' any more of this rice and tofu bread either. Sorry I just had to rant.",negative,positive
"When I was a boy growing up, as part of a large family, my Mom used to buy whichever meat was the cheapest at any given time ... beef, chicken, or pork. When pork offered the best value, we were usually fed one of three things ... pork roast, pork ribs, or pork chops. Mom almost always used ""Shake N Bake"" for the pork chops, and I loved it. As a parent now with his own family, the missus and I decided to give Shake N Bake (abbreviated henceforth as S&B) a try, to see if it matched the memories of our youth. Each packet claims to season two pounds of pork, and based on our experience, I agree. (We typically cook 4 pork chops at a time, that weigh a bit under 2 pounds, and all of the chops were well coated.) Pork often dries out when you cook it, and the S&B actually helped keep them moist and juicy. With regards to flavor, it tasted almost exactly as I remembered, which was a pleasant surprise. Savory, but not too spicy or too salty. My wife and two of my children also enjoyed the pork chops and flavor. My third child, a 6-year old, didn't really like it, but since he doesn't like how much of anything tastes lately, I wouldn't count his ""no"" very highly. I recommend S&B as a nice way to season your pork or to take a trip down memory lane. :-)",positive,neutral
"It is a raw, cold day in Michigan today, the perfect time to try the Gold Kili All Natural Instant Ginger & Lemon Beverage Beverage. My first concern was that the directions are in ml instead of oz...so there had to be a math lesson before I could make the drink. That accomplished the steamy drink smelled so delicious. I was sure it would taste as good as it smelled and never even thought about adding a sweetner. The first sip was awful....it didn't taste at all lemony like it smelled. I can't identify the taste but do know my mouth and throat felt an unpleasant,almost stinging sensation. So, I added some sugar. The second and third sip were slightly better, but the stinging sensation was still there and the aftertaste did not go away quickly. The rest of the drink went down the sink drain....it was definitely not my cup of ""tea"".",negative,negative
"Great portion control, nice that you dont have to keep it in the fridge or freezer. I'm reordering some right now :)",positive,positive
Product tastes great and kids love it. Arrived quickly. Love the earth-friendly packaging. Would definitely buy again and recommend to friends.,positive,positive
"Unfortunately having ordered quite a few of these previously, I neglected to not look for the word: ""supreme"" in this offer and since I was then receiving free shipping had 4 delivered. We (that is my husband, guests and me)knew immediately that these were different from those previously enjoyed. BUT, currently Amazon featured the ""supreme"" babka and now I am awaiting to receive these. In the future, I will read more carefully.",negative,neutral
"""Ingredients: 100% natural coconut water from concentrate, natural flavors"" save yourself the hassle and get a different brand. it will taste much better",negative,negative
Possibly THE best salt and vinegar chips (healthy or not) ever! The salt is just right and compliment the vinegar's tartness perfectly. All the chips are good.. salt and pepper can be a little overwhelming.,positive,positive
I ordered the Mahogany Caribou Coffee K-Cups and adore them. I recommend this product if you like bold coffe with a smooth taste.,positive,neutral
"I have been having problems with my bladder. Interstital Cystitis is a chronic condition and also effects the colon. I suffer from severe constipation (IBS) also. I take fiber during the day and make sure I get enough in my diet. In the morning I drink a cup of Alvita Senna tea and within 1 to 1/2 hrs. I have elimination. This is the only thing that has worked for me. I have tried many other laxatives which do not work and bother my bladder. This product does not. I have also drank it at night with good results in the morning. Doctors have said not to use this continually because you could develop dependence. However, my condition is unbearable without it. At last my doctor agreeded that if I was going to take something daily then he suggested this tea. I highly recommend it for people with my condition or for individuals who take a lot of medications that tend to slow down the system. I have placed an order for more and will continue to use this great product. By the way, I had purchased another brand before I bought this brand and it was of terrible quality. What a difference. This product has great quality and also I like the tea bags being natural and not bleached with chemicals.",positive,neutral
"NOTE: Guest review from my chocolate-loving friend LW: I almost missed the 2.25 oz. bar at first, wedged as it was, in its brown and black wrapper, alongside the inflated-to-full-size plastic air cushion in its Amazon book box. But once I'd extricated it and opened it, it was substantial. All 22 grams of fat (13 saturated) of it. Sorry, I looked. But not to worry -- that's for the whole bar. With a modicum of discipline, you can easily spread that shame across six nights by breaking off one generous carefully scored square each night (bigger squares than the one on your hotel pillow). That's all you need at a go anyway -- the taste is very rich with a subtle liqueur-like finish -- just what you'd hope its 54% cocoa content would deliver. [Bar provided as part of Vine review program might have been smaller than bars available here for sale.]",positive,negative
"Freeze dried liver has a hypnotic effect on dogs. They LOVE it and will do just about anything for it, so it is a great treat to use for training. (Powdered freeze dried liver is even added to many dog medicines nowadays-- heartworm and arthritis tablets, etc.-- because it causes the dog to scarf the medicine down like a treat.) Freeze dried liver has a dry, hard, yet powdery/easy to chew consistency. It comes chopped/cubed. It is extremely lightweight due to the fact there is so little moisture in the product (thus the low weights on product labels). Even though your dog will love liver treats, you shouldn't overfeed it. The manufacturer recommends 1-2 cubes daily for small dogs, 2-3 cubes for medium dogs, and 3-4 cubes for large dogs. The largest package sizes of liver treats tend to be far more economical. I recommend buying the larger tubs, as you will save lots of money, you'll have a handy treat supply around for a longer time, and your dog will never tire of this product. There is really zero waste with this product. When you near the end of the tub you'll find some powdery bits of dried liver at the bottom. Your dogs will go CRAZY if you sprinkle this dust over their dog food-- it's a wonderful reward that is easy to use. ~~~~~~~~~~~~~~~~~~ Here's the nutritional analysis: -100% freeze dried liver -NO additives or preservatives. -Crude protein..... not less than 50% -Crude fat..... not less than 5% -Crude fiber..... not more than 3% -Moisture..... not more than 6%",positive,positive
"My dog loves it. She absolutely does. It takes less than 5 minutes for her to destroy it, which is fine - given the price. What's not okay is incredibly stinky fart she produces after consuming one of these rolls. I just can't stand it anymore. Although I have more than half of the package left, I will not be giving it to my dog anymore.",neutral,positive
"This was the vilest tasting ""beverage"" ever. I like lemon and ginger - this is overly sweet, so much ginger that it burnt my tongue with some lemon undertone. Frankly, one sip was more than I could bear. It also left a very unpleasant aftertaste.",negative,neutral
"I saw these at a local health food shop and decided to give it a try since I wanted a dairy free chocolate bar. You certainly get the dark chocolate - very strong and bitter. I knew coconut was in there from the label, and from the shreds of it I could see in the bar but I really did not taste any coconut - the chocolate flavor overpowered it completely. The label says it contains almonds, but you don't taste that either. I was hoping for more of a harmonious blend of both chocolate and coconut. It certainly isn't sweet either.",negative,negative
"I love coffee but don't drink it that often because my body reacts badly to the acidity. So I was really wanting this coffee to be ""the one."" I invited 3 friends over to help me try it. The consensus was that Dan found it a little weak, Harry could really tell there was less acid in it and Gayle gave it 5 stars because it didn't ""bowl her over"" with harsh flavor. As for me, I loved the smoothness of the brew best of all. I did find it on the weak side after the initial velvety taste went over the tongue. The flavor was rather bland. There was no over-all deep, full-bodied taste, but with the beans adjusted to exclude acidity, I didn't think there would be. I would drink it again, but probably wouldn't buy it. As the title says: A Decent Average Coffee",neutral,neutral
"I tried these in Colorado and came home to find out they only sell them on the west coast. Amazon didn't sell the ones I wanted. I put it on a wish list as a gift for a loved one. Within a week of their birthday, Amazon e-mailed me that it was available. Great chips but, took longer to ship then expected. Just in the nick of time for the birthday. When you want something real bad, Amazon usually comes through.",positive,neutral
I had a hard time drinking this tea as it tastes like cardboard! There's no taste or flavor. I don't know if it actually works to strengthen the uterus as I wasn't able to make myself have it for the couple of months required. I'm not sure if all raspberry tea tastes like this or just this brand.,negative,negative
"Too mild for me... I like a strong flavor. My wife likes this coffee. Has enough flavor and boldness to keep it enjoyable and not feeling like water downed coffee. If you like strong, bold coffee, you will be disappointed. For a mild coffee, I found this good, but not good enough to warrant the higher cost over many of the other brands. I will not be re-ordering Caribou Mahogany. My wife prefers Donut Shop brand over this. Again, not strong enough for me, but still makes a good cup of coffee.",neutral,neutral
"This is excellent coffee. It's also very, very expensive. If you can afford to pay $28 for a pound of it, I highly recommend it. If that price is too steep, there are other coffees that will do just fine. Not as fine as this stuff, for sure, but just fine.",positive,positive
"I ordered and got seeds. Called, got a refund and reordered... got seeds. I'll have to order the sprouted chia seed powder elsewhere. :)",negative,negative
"Sure to be a hit with chalk-a-holics everywhere, from first sip to last this product suggests its European heritage deep in the chalk mines of southern France. Some seem to be making a case for it only having 60 calories, but the Keurig Chai Latte only has 70, and that product actually tastes pretty good. I have yet to find a Keurig-compatible hot chocolate that stands up to plain old Swiss Miss, scooped from a tub or a foil packet. And Swiss Miss isn't that great to begin with, although it sure is cheaper than this stuff. I wonder if the size of the Keurig capsule limits the amount of cocoa and powdered milk that can be put into a cup, so what ends up there has to be strong and highly compromised.",negative,neutral
I thought I ordered the trolli brand but it ended up being from some organic company.... I was a little upset about that.... If you want to be sure your getting trolli gummy bears order directly from the company,negative,negative
"I was very disappointed when this toy broke in less than a week. It was advertised as being durable plastic, but it couldn't stand up to our beagle dropping it repeatedly to get the treats out. The plastic lid on the bottom cracked and broke off less than a week after our dog began playing with the toy. The broken plastic pieces are very sharp and would have been dangerous if our dog had not been supervised.",negative,positive
